vincent-van-gogh/pine-trees-in-the-fen-1884.jpg,22,vincent-van-gogh
marc-chagall/moses-with-the-burning-bush-1.jpg,12,marc-chagall
vincent-van-gogh/sheaf-binder-the-after-millet-1889.jpg,22,vincent-van-gogh
john-singer-sargent/claude-monet-1887.jpg,11,john-singer-sargent
pierre-auguste-renoir/orange-trees.jpg,17,pierre-auguste-renoir
vincent-van-gogh/wild-roses-1890.jpg,22,vincent-van-gogh
gustave-dore/the-wrestle-of-jacob-1855.jpg,7,gustave-dore
vincent-van-gogh/restaurant-menu-1886.jpg,22,vincent-van-gogh
claude-monet/train-in-the-snow-at-argenteuil-1875.jpg,4,claude-monet
john-singer-sargent/violet-fishing-1889.jpg,11,john-singer-sargent
john-singer-sargent/marian-madge-roller-1902.jpg,11,john-singer-sargent
john-singer-sargent/the-model-1876.jpg,11,john-singer-sargent
pablo-picasso/toilette-1906-2.jpg,15,pablo-picasso
camille-pissarro/place-du-carrousel-the-tuileries-gardens-1900.jpg,2,camille-pissarro
childe-hassam/a-fisherman-s-cottage.jpg,3,childe-hassam
pyotr-konchalovsky/soldiers-1910.jpg,18,pyotr-konchalovsky
claude-monet/the-entrance-to-giverny-under-the-snow.jpg,4,claude-monet
vincent-van-gogh/houses-in-auvers-2-1890.jpg,22,vincent-van-gogh
martiros-saryan/fruits-and-vegetables-1933.jpg,13,martiros-saryan
camille-pissarro/apple-trees-and-poplars-in-the-setting-sun-1901.jpg,2,camille-pissarro
camille-pissarro/autumn-path-through-the-woods-1876.jpg,2,camille-pissarro
nicholas-roerich/study-of-scene-design-for-fuente-ovehuna-1912.jpg,14,nicholas-roerich
rembrandt/christ-seated-disputing-with-the-doctors-1654.jpg,20,rembrandt
ivan-aivazovsky/pushkin-on-the-coast-black-sea-1887.jpg,9,ivan-aivazovsky
nicholas-roerich/himalayas-1941-3.jpg,14,nicholas-roerich
nicholas-roerich/arabian-woman-1912.jpg,14,nicholas-roerich
raphael-kirchner/nude-drawings-5.jpg,19,raphael-kirchner
camille-pissarro/entering-a-village.jpg,2,camille-pissarro
ivan-aivazovsky/sunset-at-the-crimean-coast-1856.jpg,9,ivan-aivazovsky
camille-pissarro/la-ronde-1892.jpg,2,camille-pissarro
edgar-degas/study-of-hands.jpg,5,edgar-degas
eugene-boudin/venice.jpg,6,eugene-boudin
vincent-van-gogh/sower-after-millet-1889(1).jpg,22,vincent-van-gogh
camille-pissarro/the-saint-antoine-road-at-l-hermitage-pontoise-1875.jpg,2,camille-pissarro
ilya-repin/portrait-of-a-peasant-1889.jpg,8,ilya-repin
pablo-picasso/the-aficionado-the-torero-1912.jpg,15,pablo-picasso
marc-chagall/the-deceased-the-death-1908.jpg,12,marc-chagall
vincent-van-gogh/still-life-with-an-earthern-bowl-and-pears-1885.jpg,22,vincent-van-gogh
claude-monet/mediteranian-coast-grey-day.jpg,4,claude-monet
raphael-kirchner/roma-7.jpg,19,raphael-kirchner
salvador-dali/pieta-2.jpg,21,salvador-dali
raphael-kirchner/bessie-mccoy-1.jpg,19,raphael-kirchner
claude-monet/spring-flowers-1864.jpg,4,claude-monet
pyotr-konchalovsky/novgorod-kukui-tower-1928-1.jpg,18,pyotr-konchalovsky
childe-hassam/sea-and-rocks-appledore-isles-of-shoals.jpg,3,childe-hassam
pablo-picasso/figure.jpg,15,pablo-picasso
eugene-boudin/the-manet-family-picnicking-1866.jpg,6,eugene-boudin
ivan-aivazovsky/oreanda-1858.jpg,9,ivan-aivazovsky
ivan-shishkin/in-the-fir-forest-1.jpg,10,ivan-shishkin
ivan-shishkin/forest-landscape-1.jpg,10,ivan-shishkin
pyotr-konchalovsky/apple-trees-1922.jpg,18,pyotr-konchalovsky
pablo-picasso/fruit-in-a-vase-1909.jpg,15,pablo-picasso
gustave-dore/richard-i-the-lionheart-massacres-captives-in-reprisal-1877.jpg,7,gustave-dore
pierre-auguste-renoir/flowers-in-a-vase-3.jpg,17,pierre-auguste-renoir
salvador-dali/uxnor-lot-in-satuam-salis-conversa-genesis-19-24-1967.jpg,21,salvador-dali
pablo-picasso/pierrot-with-a-mask-1918.jpg,15,pablo-picasso
paul-cezanne/the-alley-at-chantilly-1888-2.jpg,16,paul-cezanne
rembrandt/petronella-buys-wife-of-philips-lucasz-1635.jpg,20,rembrandt
raphael-kirchner/salome-1903.jpg,19,raphael-kirchner
edgar-degas/at-the-milliner-s.jpg,5,edgar-degas
vincent-van-gogh/peasant-woman-digging-1885-1.jpg,22,vincent-van-gogh
claude-monet/sunset-at-giverny.jpg,4,claude-monet
salvador-dali/velazquez-dying-behind-the-window-on-the-left-side-out-of-which-a-spoon-projects.jpg,21,salvador-dali
pablo-picasso/untitled-1971-2.jpg,15,pablo-picasso
pierre-auguste-renoir/young-woman-sewing.jpg,17,pierre-auguste-renoir
nicholas-roerich/study-of-scene-design-for-snow-maiden-1921-1.jpg,14,nicholas-roerich
pyotr-konchalovsky/conductor-nikolai-semenovich-golovanov-and-orchestra-1934.jpg,18,pyotr-konchalovsky
albrecht-durer/albrech-durer-the-elder.jpg,0,albrecht-durer
gustave-dore/babylon-fallen.jpg,7,gustave-dore
salvador-dali/cubist-self-portrait.jpg,21,salvador-dali
camille-pissarro/boulevard-montmartre-sunset-1897.jpg,2,camille-pissarro
claude-monet/palazzo-da-mula-at-venice.jpg,4,claude-monet
nicholas-roerich/nicola-1916.jpg,14,nicholas-roerich
boris-kustodiev/summer-holiday-1922.jpg,1,boris-kustodiev
pyotr-konchalovsky/rome-column-of-trajan-1924.jpg,18,pyotr-konchalovsky
nicholas-roerich/hunter-on-the-boat.jpg,14,nicholas-roerich
claude-monet/the-red-house.jpg,4,claude-monet
childe-hassam/isles-of-shoals-garden-aka-the-garden-in-its-glory.jpg,3,childe-hassam
childe-hassam/columbian-exposition-chicago.jpg,3,childe-hassam
vincent-van-gogh/tambourine-with-pansies-1886.jpg,22,vincent-van-gogh
ilya-repin/barge-haulers-on-the-volga-1-1870.jpg,8,ilya-repin
salvador-dali/saltimbanques-1921.jpg,21,salvador-dali
childe-hassam/old-lyme-bridge.jpg,3,childe-hassam
pablo-picasso/guitar-sheet-music-and-wine-glass-1912.jpg,15,pablo-picasso
boris-kustodiev/portrait-of-vladimir-nemirovich-danchenko-1915.jpg,1,boris-kustodiev
vincent-van-gogh/two-rats-1884.jpg,22,vincent-van-gogh
albrecht-durer/christ-taken-captive-1510.jpg,0,albrecht-durer
claude-monet/regatta-at-sainte-adresse.jpg,4,claude-monet
nicholas-roerich/tent-of-ivan-the-terrible-1909.jpg,14,nicholas-roerich
john-singer-sargent/boat-in-the-waters-off-capri.jpg,11,john-singer-sargent
marc-chagall/a-green-tree-1984.jpg,12,marc-chagall
nicholas-roerich/mongolia-campaign-of-genghis-khan.jpg,14,nicholas-roerich
marc-chagall/moses-meets-in-the-desert-his-brother-aaron-who-came-towards-him-at-the-behest-of-god-exodus-iv.jpg,12,marc-chagall
raphael-kirchner/behind-the-scenes-1900-3.jpg,19,raphael-kirchner
eugene-boudin/the-cliffs-at-dieppe-and-the-petit-paris.jpg,6,eugene-boudin
marc-chagall/daphnis-and-chloe-1911.jpg,12,marc-chagall
vincent-van-gogh/woman-sien-with-baby-on-her-lap-half-figure-1882.jpg,22,vincent-van-gogh
pablo-picasso/nude-youth-1906.jpg,15,pablo-picasso
pyotr-konchalovsky/bakhchisaray-1930-1.jpg,18,pyotr-konchalovsky
albrecht-durer/portrait-of-an-eighteen-year-old-man.jpg,0,albrecht-durer
camille-pissarro/the-pork-butcher-1883.jpg,2,camille-pissarro
edgar-degas/two-dancers-with-yellow-corsages.jpg,5,edgar-degas
albrecht-durer/sebastian-brant.jpg,0,albrecht-durer
nicholas-roerich/sketch-of-scene-from-varangian-life.jpg,14,nicholas-roerich
edgar-degas/the-star-dancer-on-stage.jpg,5,edgar-degas
salvador-dali/elias-per-turbinem-super-currus-igneus-1967.jpg,21,salvador-dali
pierre-auguste-renoir/portrait-of-a-girl-1880.jpg,17,pierre-auguste-renoir
childe-hassam/outskirts-of-east-gloucester.jpg,3,childe-hassam
paul-cezanne/the-aqueduct-and-lock.jpg,16,paul-cezanne
john-singer-sargent/capri-girl-1878.jpg,11,john-singer-sargent
albrecht-durer/lamentation.jpg,0,albrecht-durer
vincent-van-gogh/vase-with-poppies-cornflowers-peonies-and-chrysanthemums-1886.jpg,22,vincent-van-gogh
albrecht-durer/birth-of-christ.jpg,0,albrecht-durer
pyotr-konchalovsky/early-spring.jpg,18,pyotr-konchalovsky
albrecht-durer/madonna-and-child-haller-madonna-1498.jpg,0,albrecht-durer
ilya-repin/portrait-of-nadezhda-repina-the-artist-s-daughter-1900.jpg,8,ilya-repin
ivan-aivazovsky/the-acropolis-of-athens-1883.jpg,9,ivan-aivazovsky
rembrandt/the-circumcision-small-plate.jpg,20,rembrandt
rembrandt/presentation-in-the-temple-1628.jpg,20,rembrandt
nicholas-roerich/conquest-of-kazan-1914.jpg,14,nicholas-roerich
pierre-auguste-renoir/two-bathers.jpg,17,pierre-auguste-renoir
nicholas-roerich/russian-warrior-1906.jpg,14,nicholas-roerich
john-singer-sargent/venetian-doorway.jpg,11,john-singer-sargent
camille-pissarro/trees-on-a-hill-autumn-landscape-in-louveciennes-1872.jpg,2,camille-pissarro
albrecht-durer/study-of-male-hands-and-arms.jpg,0,albrecht-durer
ivan-shishkin/on-the-forest-boundary-line-1878.jpg,10,ivan-shishkin
camille-pissarro/the-hay-wagon-montfoucault-1879.jpg,2,camille-pissarro
rembrandt/men-in-oriental-dress-and-two-studies-of-a-beggar-in-the-half-figure-1645.jpg,20,rembrandt
vincent-van-gogh/four-hands-two-holding-bowls-1885(1).jpg,22,vincent-van-gogh
ilya-repin/portrait-of-the-pianist-conductor-and-composer-anton-grigorievich-rubinstein-1881.jpg,8,ilya-repin
childe-hassam/the-rose-garden.jpg,3,childe-hassam
vincent-van-gogh/idol-4.jpg,22,vincent-van-gogh
ivan-aivazovsky/golden-horn-1872.jpg,9,ivan-aivazovsky
childe-hassam/august-afternoon-appledore.jpg,3,childe-hassam
edgar-degas/woman-touching-her-arm.jpg,5,edgar-degas
rembrandt/christ-returning-from-the-temple-with-his-parents-1654.jpg,20,rembrandt
pyotr-konchalovsky/still-life-lemon-and-knife-1930.jpg,18,pyotr-konchalovsky
john-singer-sargent/venetian-canal-1.jpg,11,john-singer-sargent
nicholas-roerich/temple-of-tripura-sundari-1932.jpg,14,nicholas-roerich
gustave-dore/burying-the-dead-after-the-battle-of-dorylaeum.jpg,7,gustave-dore
pierre-auguste-renoir/jug-1.jpg,17,pierre-auguste-renoir
gustave-dore/death-of-frederick-i-of-germany.jpg,7,gustave-dore
ivan-aivazovsky/the-rescue-1857.jpg,9,ivan-aivazovsky
edgar-degas/dancer-adjusting-her-slipper-1885.jpg,5,edgar-degas
childe-hassam/new-york-winter-window-1919.jpg,3,childe-hassam
pyotr-konchalovsky/apples-against-the-blue-sky-1930-1.jpg,18,pyotr-konchalovsky
pyotr-konchalovsky/a-moonlit-landscape-1953.jpg,18,pyotr-konchalovsky
camille-pissarro/garden-at-eragny-1899.jpg,2,camille-pissarro
pyotr-konchalovsky/veliky-novgorod-kremlin-1926.jpg,18,pyotr-konchalovsky
pierre-auguste-renoir/woman-with-a-parasol-1872.jpg,17,pierre-auguste-renoir
vincent-van-gogh/marguerite-gachet-at-the-piano-1890.jpg,22,vincent-van-gogh
camille-pissarro/market-at-gisors-rue-cappeville.jpg,2,camille-pissarro
gustave-dore/cinderella.jpg,7,gustave-dore
pierre-auguste-renoir/reclining-nude-gabrielle-1903.jpg,17,pierre-auguste-renoir
rembrandt/woman-in-bed-1645.jpg,20,rembrandt
pyotr-konchalovsky/siena-1912-2.jpg,18,pyotr-konchalovsky
pablo-picasso/portrait-of-gertrude-stein-1906.jpg,15,pablo-picasso
marc-chagall/rahab-and-the-spies-of-jericho-1960.jpg,12,marc-chagall
albrecht-durer/the-coat-of-arms-with-the-skull-1507.jpg,0,albrecht-durer
boris-kustodiev/peter-the-great-1911.jpg,1,boris-kustodiev
marc-chagall/illustration-for-louis-aragon-s-work-one-who-says-things-without-saying-anything-1976-21.jpg,12,marc-chagall
marc-chagall/portrait-of-vava.jpg,12,marc-chagall
raphael-kirchner/fables-1903-2.jpg,19,raphael-kirchner
claude-monet/the-doges-palace-seen-from-san-giorgio-maggiore-3.jpg,4,claude-monet
eugene-boudin/the-port-ships-at-dock.jpg,6,eugene-boudin
ilya-repin/portrait-of-e-zvantseva-1889.jpg,8,ilya-repin
vincent-van-gogh/two-trees.jpg,22,vincent-van-gogh
raphael-kirchner/christmas-pictures-signed-with-paris-2.jpg,19,raphael-kirchner
pyotr-konchalovsky/still-life-with-ducks.jpg,18,pyotr-konchalovsky
camille-pissarro/peasant-woman-standing-next-to-a-tree.jpg,2,camille-pissarro
rembrandt/portrait-of-oopjen-coppit-1634.jpg,20,rembrandt
boris-kustodiev/scetch-at-kupavina-s-house-for-ostrovsky-s-wolves-and-sheep-1926.jpg,1,boris-kustodiev
john-singer-sargent/oxen-resting.jpg,11,john-singer-sargent
boris-kustodiev/portrait-of-e-e-lansere-1913.jpg,1,boris-kustodiev
eugene-boudin/cows-in-a-meadow-on-the-banks-of-the-toques-1880.jpg,6,eugene-boudin
marc-chagall/isaiah-s-oracle-on-the-ruins-of-babylon-isaiah-xiii.jpg,12,marc-chagall
ilya-repin/portrait-of-the-physiologist-ivan-petrovich-pavlov-1924.jpg,8,ilya-repin
salvador-dali/eucharistic-still-life.jpg,21,salvador-dali
albrecht-durer/study-of-three-hands.jpg,0,albrecht-durer
pyotr-konchalovsky/leningrad-the-embankment-of-the-neva-1931.jpg,18,pyotr-konchalovsky
rembrandt/christ-in-the-storm-1633.jpg,20,rembrandt
pyotr-konchalovsky/the-evening-landscape-with-a-lake-1939.jpg,18,pyotr-konchalovsky
edgar-degas/four-jockeys.jpg,5,edgar-degas
camille-pissarro/the-fishmarket-dieppe-2-1902.jpg,2,camille-pissarro
nicholas-roerich/tarbagatai.jpg,14,nicholas-roerich
pierre-auguste-renoir/landscape-15.jpg,17,pierre-auguste-renoir
ilya-repin/portrait-of-the-artist-valentin-serov-1901.jpg,8,ilya-repin
eugene-boudin/the-port-of-deauville-1.jpg,6,eugene-boudin
martiros-saryan/portrait-of-katarine-saryan-1963.jpg,13,martiros-saryan
pablo-picasso/guitar-1926.jpg,15,pablo-picasso
albrecht-durer/the-cross-of-christ-4.jpg,0,albrecht-durer
paul-cezanne/jacket-on-a-chair-1892.jpg,16,paul-cezanne
gustave-dore/don-quixote-4.jpg,7,gustave-dore
claude-monet/the-artist-s-house-from-the-rose-garden-1924.jpg,4,claude-monet
raphael-kirchner/girls-with-purple-surrounds-1900-4.jpg,19,raphael-kirchner
claude-monet/haystacks-at-giverny-2.jpg,4,claude-monet
salvador-dali/portrait-of-gala-1933.jpg,21,salvador-dali
gustave-dore/susanna-in-the-bath.jpg,7,gustave-dore
ivan-aivazovsky/araks-river-and-ararat-1875.jpg,9,ivan-aivazovsky
rembrandt/a-beggar-warming-his-hands-over-a-chafing-dish-1630.jpg,20,rembrandt
marc-chagall/lovers-in-pink-1916.jpg,12,marc-chagall
vincent-van-gogh/autumn-landscape-1885(1).jpg,22,vincent-van-gogh
camille-pissarro/avenue-de-l-opera-place-du-thretre-francais-misty-weather-1898.jpg,2,camille-pissarro
ilya-repin/portrait-of-the-artist-isaak-brodskiy-1910.jpg,8,ilya-repin
pierre-auguste-renoir/woman-under-a-tree-1883.jpg,17,pierre-auguste-renoir
salvador-dali/self-portrait-with-raphaelesque-neck-1922.jpg,21,salvador-dali
marc-chagall/on-the-stretcher-wounded-soldier-1914.jpg,12,marc-chagall
vincent-van-gogh/montmajour-1888.jpg,22,vincent-van-gogh
salvador-dali/tieta.jpg,21,salvador-dali
salvador-dali/venus-and-sailor-homage-to-salvat-papasseit-1925.jpg,21,salvador-dali
marc-chagall/jacob-wrestling-with-the-angel-6.jpg,12,marc-chagall
marc-chagall/king-david-ii-samuel-vi-4-5.jpg,12,marc-chagall
john-singer-sargent/charles-stuart-forbes-1883.jpg,11,john-singer-sargent
claude-monet/haystacks-white-frost-sunrise.jpg,4,claude-monet
paul-cezanne/a-turn-in-the-road-1882.jpg,16,paul-cezanne
vincent-van-gogh/cottages-with-thatched-roofs-and-figures-1890(1).jpg,22,vincent-van-gogh
vincent-van-gogh/a-lane-in-the-public-garden-with-benches-1888(1).jpg,22,vincent-van-gogh
martiros-saryan/sevan-lake-1929.jpg,13,martiros-saryan
albrecht-durer/christ-boy.jpg,0,albrecht-durer
rembrandt/david-and-jonathan-1642.jpg,20,rembrandt
camille-pissarro/march-sun-pontoise-1875.jpg,2,camille-pissarro
nicholas-roerich/sketch-of-costumes-for-snow-maiden-8.jpg,14,nicholas-roerich
nicholas-roerich/pechora-vestry-1903.jpg,14,nicholas-roerich
vincent-van-gogh/woman-spreading-out-laundry-on-a-field-1882.jpg,22,vincent-van-gogh
salvador-dali/bouquet-l-important-c-est-la-rose.jpg,21,salvador-dali
nicholas-roerich/head-of-zeus-1893.jpg,14,nicholas-roerich
nicholas-roerich/ladoga-karelian-landscape-1918.jpg,14,nicholas-roerich
boris-kustodiev/on-the-promenade-1922.jpg,1,boris-kustodiev
gustave-dore/don-quixote-58.jpg,7,gustave-dore
martiros-saryan/female-portrait-1952.jpg,13,martiros-saryan
vincent-van-gogh/interior-with-peasant-woman-peeling-potatoes-1885.jpg,22,vincent-van-gogh
raphael-kirchner/single-items-3.jpg,19,raphael-kirchner
pablo-picasso/las-meninas-velazquez-1957-1.jpg,15,pablo-picasso
vincent-van-gogh/trees-in-the-asylum-garden-1889.jpg,22,vincent-van-gogh
nicholas-roerich/karelia.jpg,14,nicholas-roerich
vincent-van-gogh/apricot-trees-in-blossom-1888(1).jpg,22,vincent-van-gogh
childe-hassam/rainy-day-boston.jpg,3,childe-hassam
john-singer-sargent/portrait-of-lady-sassoon-1907.jpg,11,john-singer-sargent
raphael-kirchner/new-york-tribune-1916-2.jpg,19,raphael-kirchner
claude-monet/portrait-of-suzanne-hoschede-with-sunflowers.jpg,4,claude-monet
albrecht-durer/self-portrait-1493.jpg,0,albrecht-durer
pyotr-konchalovsky/still-life-red-tray-and-ash-1947.jpg,18,pyotr-konchalovsky
pablo-picasso/gutted-horse-1917.jpg,15,pablo-picasso
claude-monet/the-village-of-la-coche-blond-evening.jpg,4,claude-monet
ilya-repin/portrait-of-a-v-zhirkevich-1888.jpg,8,ilya-repin
eugene-boudin/near-faou.jpg,6,eugene-boudin
gustave-dore/second-assault-of-jerusalem-by-the-crusaders-repulsed-1877.jpg,7,gustave-dore
pierre-auguste-renoir/portrait-of-a-young-woman-1876.jpg,17,pierre-auguste-renoir
pierre-auguste-renoir/floral-headband.jpg,17,pierre-auguste-renoir
childe-hassam/central-park.jpg,3,childe-hassam
camille-pissarro/sunset-at-sent-charlez-eragny-1891.jpg,2,camille-pissarro
ivan-aivazovsky/in-harbour-1842.jpg,9,ivan-aivazovsky
childe-hassam/confirmation-day.jpg,3,childe-hassam
paul-cezanne/corner-of-quarry.jpg,16,paul-cezanne
pyotr-konchalovsky/portrait-of-the-artist-v-g-dulova-1945.jpg,18,pyotr-konchalovsky
pablo-picasso/untitled-1919.jpg,15,pablo-picasso
gustave-dore/bohemond-alone-mounts-the-rampart-of-antioch-crusades-bohemond-mounts-rampart-of-antioch.jpg,7,gustave-dore
nicholas-roerich/way-of-giants-1914.jpg,14,nicholas-roerich
ivan-aivazovsky/the-harbor-at-odessa-on-the-black-sea-1852.jpg,9,ivan-aivazovsky
childe-hassam/church-procession-spanish-steps.jpg,3,childe-hassam
nicholas-roerich/he-who-hastens-1924.jpg,14,nicholas-roerich
gustave-dore/death-of-almoadam-1877.jpg,7,gustave-dore
eugene-boudin/fishermen-and-sailboats-near-trouville-1892.jpg,6,eugene-boudin
pyotr-konchalovsky/landscape-at-siena-1912.jpg,18,pyotr-konchalovsky
pierre-auguste-renoir/flowers-and-fruit-1889.jpg,17,pierre-auguste-renoir
ilya-repin/on-the-terrace-1908.jpg,8,ilya-repin
vincent-van-gogh/exterior-of-a-restaurant-at-asnieres-1887(1).jpg,22,vincent-van-gogh
raphael-kirchner/heart-lady.jpg,19,raphael-kirchner
nicholas-roerich/himalayas-56.jpg,14,nicholas-roerich
edgar-degas/at-the-races-1872.jpg,5,edgar-degas
gustave-dore/don-quixote-145.jpg,7,gustave-dore
albrecht-durer/triumphal-arch-1526.jpg,0,albrecht-durer
vincent-van-gogh/sketches-of-the-old-tower-and-figures-1885.jpg,22,vincent-van-gogh
childe-hassam/hassam-street-in-portsmouth.jpg,3,childe-hassam
ivan-aivazovsky/tempest-1850.jpg,9,ivan-aivazovsky
vincent-van-gogh/still-life-with-plaster-statuette-a-rose-and-two-novels-1887.jpg,22,vincent-van-gogh
raphael-kirchner/parisian-life-1914.jpg,19,raphael-kirchner
marc-chagall/rachel-hides-her-father-s-household-gods-1960.jpg,12,marc-chagall
ilya-repin/portrait-of-l-n-yakovleva-1888.jpg,8,ilya-repin
edgar-degas/torso-of-a-dancer.jpg,5,edgar-degas
nicholas-roerich/chahar-caravan-in-the-desert-1937.jpg,14,nicholas-roerich
camille-pissarro/bathing-goose-maidens.jpg,2,camille-pissarro
claude-monet/alice-hoschede-in-the-garden(1).jpg,4,claude-monet
marc-chagall/moses-receiving-the-tablets-of-law-1966.jpg,12,marc-chagall
pablo-picasso/jacqueline-at-the-studio-1956.jpg,15,pablo-picasso
ilya-repin/portrait-of-the-artist-v-s-svarog-1915.jpg,8,ilya-repin
pablo-picasso/guitar-and-bottle-1913.jpg,15,pablo-picasso
pyotr-konchalovsky/bridge.jpg,18,pyotr-konchalovsky
eugene-boudin/rouen-the-santa-catherine-coast-morning-mist-1895.jpg,6,eugene-boudin
claude-monet/grainstacks-in-the-sunlight-midday-1891.jpg,4,claude-monet
camille-pissarro/peasant-working-in-the-fields.jpg,2,camille-pissarro
claude-monet/park-monceau.jpg,4,claude-monet
pierre-auguste-renoir/seated-bather-1.jpg,17,pierre-auguste-renoir
rembrandt/self-portrait-10.jpg,20,rembrandt
ivan-shishkin/aspen-on-the-way-to-kivach-1889.jpg,10,ivan-shishkin
claude-monet/houses-of-parliament.jpg,4,claude-monet
camille-pissarro/poultry-market-at-gisors-1889.jpg,2,camille-pissarro
albrecht-durer/hand-1528.jpg,0,albrecht-durer
nicholas-roerich/himalayas-13.jpg,14,nicholas-roerich
pyotr-konchalovsky/siberia-taiga-1902.jpg,18,pyotr-konchalovsky
pyotr-konchalovsky/autumn-landscape-1949.jpg,18,pyotr-konchalovsky
gustave-dore/hell-at-last-yawning-received-them-whole.jpg,7,gustave-dore
ivan-shishkin/forest-horizont.jpg,10,ivan-shishkin
john-singer-sargent/mrs-ian-hamilton-jean-muir.jpg,11,john-singer-sargent
ivan-shishkin/forest-8.jpg,10,ivan-shishkin
rembrandt/the-rich-man-from-the-parable-1627.jpg,20,rembrandt
vincent-van-gogh/self-portrait-1887-9.jpg,22,vincent-van-gogh
vincent-van-gogh/behind-the-hedges-1884(1).jpg,22,vincent-van-gogh
pierre-auguste-renoir/mussel-fisherman-1879.jpg,17,pierre-auguste-renoir
albrecht-durer/the-madonna-of-the-carnation-1516.jpg,0,albrecht-durer
claude-monet/the-jetty-at-le-havre-1868.jpg,4,claude-monet
salvador-dali/san-salvador-and-antonio-gaudi-fighting-for-the-crown-of-the-virgin.jpg,21,salvador-dali
claude-monet/the-japanese-bridge-6-1924.jpg,4,claude-monet
pablo-picasso/man-and-woman-1902.jpg,15,pablo-picasso
vincent-van-gogh/horse-and-carriage-1890.jpg,22,vincent-van-gogh
edgar-degas/woman-sponging-her-chest.jpg,5,edgar-degas
vincent-van-gogh/weaver-1884-5.jpg,22,vincent-van-gogh
edgar-degas/ballet-scene.jpg,5,edgar-degas
paul-cezanne/cottaages.jpg,16,paul-cezanne
edgar-degas/dancer-arranging-her-hair.jpg,5,edgar-degas
ivan-aivazovsky/tempest-sunset-1856.jpg,9,ivan-aivazovsky
nicholas-roerich/kardang-1932.jpg,14,nicholas-roerich
vincent-van-gogh/head-of-a-woman-with-her-hair-loose-1886.jpg,22,vincent-van-gogh
paul-cezanne/seated-woman-1879.jpg,16,paul-cezanne
marc-chagall/moses-spreads-the-darkness-over-egypt-1931.jpg,12,marc-chagall
raphael-kirchner/maid-of-athens-1900-7.jpg,19,raphael-kirchner
camille-pissarro/the-pont-royal-and-the-pavillion-de-flore-1903.jpg,2,camille-pissarro
eugene-boudin/fishwomen-seated-on-the-beach-at-berck.jpg,6,eugene-boudin
pierre-auguste-renoir/park-scene.jpg,17,pierre-auguste-renoir
pierre-auguste-renoir/portrait-of-a-woman-3.jpg,17,pierre-auguste-renoir
albrecht-durer/christ-before-pilate-1512.jpg,0,albrecht-durer
albrecht-durer/st-peter-and-st-john-healing-the-cripple-1513.jpg,0,albrecht-durer
pablo-picasso/glass-and-bottle-of-bass-1914.jpg,15,pablo-picasso
albrecht-durer/the-city-of-trento-1495.jpg,0,albrecht-durer
john-singer-sargent/peter-a-b-widener-1902.jpg,11,john-singer-sargent
albrecht-durer/the-fall-1511.jpg,0,albrecht-durer
nicholas-roerich/the-lady-of-entourage-1912.jpg,14,nicholas-roerich
childe-hassam/the-sonata.jpg,3,childe-hassam
pyotr-konchalovsky/kutaisi-rionges-1935.jpg,18,pyotr-konchalovsky
pyotr-konchalovsky/the-model-on-the-carpet-1919.jpg,18,pyotr-konchalovsky
childe-hassam/central-park-1.jpg,3,childe-hassam
raphael-kirchner/geisha-10.jpg,19,raphael-kirchner
childe-hassam/woman-sellillng-flowers-1889.jpg,3,childe-hassam
pierre-auguste-renoir/claude-monet-reading-1872.jpg,17,pierre-auguste-renoir
paul-cezanne/mont-sainte-victoire-3.jpg,16,paul-cezanne
pierre-auguste-renoir/self-portrait.jpg,17,pierre-auguste-renoir
nicholas-roerich/king-gesar-1941.jpg,14,nicholas-roerich
vincent-van-gogh/orphan-man-with-top-hat-and-umbrella-under-his-arm-1882.jpg,22,vincent-van-gogh
albrecht-durer/portrait-of-margaret-of-brandenburg-ansbach.jpg,0,albrecht-durer
nicholas-roerich/old-town.jpg,14,nicholas-roerich
john-singer-sargent/sylvia-harrison-1913.jpg,11,john-singer-sargent
albrecht-durer/nuremberg-woman-in-house-dress.jpg,0,albrecht-durer
vincent-van-gogh/still-life-with-red-cabbages-and-onions-1887.jpg,22,vincent-van-gogh
edgar-degas/rest-1893.jpg,5,edgar-degas
nicholas-roerich/kiss-the-earth-1912-1.jpg,14,nicholas-roerich
eugene-boudin/the-port-fecamp.jpg,6,eugene-boudin
gustave-dore/christ-feeding-the-multitude.jpg,7,gustave-dore
pierre-auguste-renoir/coco-and-two-servants-1910.jpg,17,pierre-auguste-renoir
ivan-aivazovsky/the-sunset-on-sea-1848.jpg,9,ivan-aivazovsky
vincent-van-gogh/la-crau-1888.jpg,22,vincent-van-gogh
claude-monet/waterloo-bridge-hazy-sunshine-1903.jpg,4,claude-monet
camille-pissarro/old-woman-with-ducks-at-montfoucault.jpg,2,camille-pissarro
edgar-degas/portrait-of-rene-hillaire-de-gas-1857.jpg,5,edgar-degas
martiros-saryan/still-life-with-irises-and-poppies-1947.jpg,13,martiros-saryan
vincent-van-gogh/vase-with-gladioli-1886.jpg,22,vincent-van-gogh
martiros-saryan/may-flowers-1947.jpg,13,martiros-saryan
vincent-van-gogh/fisherman-on-the-beach-1882(1).jpg,22,vincent-van-gogh
john-singer-sargent/mrs-cazalet-and-her-children-1901.jpg,11,john-singer-sargent
boris-kustodiev/winter-shrovetide-festivities-1919.jpg,1,boris-kustodiev
vincent-van-gogh/orphan-man-with-top-hat-holding-cup-1882.jpg,22,vincent-van-gogh
nicholas-roerich/st-moritz-1923.jpg,14,nicholas-roerich
raphael-kirchner/leda-and-the-swan-9.jpg,19,raphael-kirchner
ivan-shishkin/moss-roots.jpg,10,ivan-shishkin
pierre-auguste-renoir/woman-in-a-red-blouse-1914.jpg,17,pierre-auguste-renoir
albrecht-durer/great-piece-of-turf-study-of-weeds-1503.jpg,0,albrecht-durer
nicholas-roerich/ancient-city.jpg,14,nicholas-roerich
albrecht-durer/willow-mill-1498.jpg,0,albrecht-durer
paul-cezanne/the-murder.jpg,16,paul-cezanne
marc-chagall/god-creates-man.jpg,12,marc-chagall
nicholas-roerich/himalayas-snowy-peak-at-dawn-1943.jpg,14,nicholas-roerich
boris-kustodiev/portrait-of-p-salomon-1903.jpg,1,boris-kustodiev
ivan-aivazovsky/night-at-crimea-view-on-ayu-dag-1859.jpg,9,ivan-aivazovsky
claude-monet/camille-monet-in-the-garden-at-the-house-in-argenteuil.jpg,4,claude-monet
pyotr-konchalovsky/portrait-of-mole-catcher-fedor-petrovich-1938.jpg,18,pyotr-konchalovsky
nicholas-roerich/himalayas-study-1934-1.jpg,14,nicholas-roerich
john-singer-sargent/miss-frances-sherborne-ridley-watts-1877.jpg,11,john-singer-sargent
vincent-van-gogh/zouave-1888-1(1).jpg,22,vincent-van-gogh
ivan-aivazovsky/fishermen-on-the-shore.jpg,9,ivan-aivazovsky
claude-monet/the-plain-of-colombes-white-frost-1873.jpg,4,claude-monet
pierre-auguste-renoir/bather-drying-her-leg.jpg,17,pierre-auguste-renoir
claude-monet/view-of-the-voorzaan-1871.jpg,4,claude-monet
ivan-shishkin/a-woman-with-a-boy-in-the-forest-1868.jpg,10,ivan-shishkin
pyotr-konchalovsky/novgorod-st-george-s-monastery-1925.jpg,18,pyotr-konchalovsky
camille-pissarro/laundresses-at-eragny.jpg,2,camille-pissarro
rembrandt/study-of-saskia-called-the-great-jewish-bride-1635.jpg,20,rembrandt
salvador-dali/still-life-5.jpg,21,salvador-dali
edgar-degas/woman-combing-her-hair-1.jpg,5,edgar-degas
boris-kustodiev/self-portrait-near-the-window-1899.jpg,1,boris-kustodiev
ivan-aivazovsky/vesuvius.jpg,9,ivan-aivazovsky
eugene-boudin/ebb-on-sunset.jpg,6,eugene-boudin
camille-pissarro/piette-s-home-on-montfoucault-1874.jpg,2,camille-pissarro
pablo-picasso/painter-and-his-model-1963-1.jpg,15,pablo-picasso
claude-monet/the-bridge-over-the-seine.jpg,4,claude-monet
paul-cezanne/the-black-marble-clock.jpg,16,paul-cezanne
pyotr-konchalovsky/portrait-of-composer-aram-khachaturian-1953.jpg,18,pyotr-konchalovsky
eugene-boudin/trouville-the-jettys-at-low-tide.jpg,6,eugene-boudin
paul-cezanne/trees-and-houses-1886.jpg,16,paul-cezanne
gustave-dore/the-eunoe.jpg,7,gustave-dore
gustave-dore/the-death-of-ahab.jpg,7,gustave-dore
pierre-auguste-renoir/gabrielle-and-jean-1895.jpg,17,pierre-auguste-renoir
claude-monet/the-banks-of-the-seine.jpg,4,claude-monet
edgar-degas/pink-dancer-1.jpg,5,edgar-degas
pyotr-konchalovsky/still-life-with-peonies-in-a-vase.jpg,18,pyotr-konchalovsky
pierre-auguste-renoir/two-women-s-heads-the-loge-1903.jpg,17,pierre-auguste-renoir
camille-pissarro/barges-at-le-roche-guyon-1865.jpg,2,camille-pissarro
ivan-shishkin/ferns-in-the-forest-1877.jpg,10,ivan-shishkin
ivan-aivazovsky/sveaborg-1844.jpg,9,ivan-aivazovsky
martiros-saryan/cover-of-g-mahari-s-book-childhood-the-first-part-of-trilogy-1930.jpg,13,martiros-saryan
camille-pissarro/the-fair-by-the-church-of-saint-jacques-dieppe-1901.jpg,2,camille-pissarro
nicholas-roerich/tibet-dzong-1936.jpg,14,nicholas-roerich
pablo-picasso/woman-with-raven-1904-1.jpg,15,pablo-picasso
eugene-boudin/laundresses-on-the-banks-of-the-touques-3.jpg,6,eugene-boudin
vincent-van-gogh/self-portrait-with-gray-felt-hat-1887.jpg,22,vincent-van-gogh
nicholas-roerich/mountany-landscape-1925.jpg,14,nicholas-roerich
ilya-repin/privy-councillor.jpg,8,ilya-repin
pierre-auguste-renoir/claude-renoir-at-play-sun-1905.jpg,17,pierre-auguste-renoir
ivan-shishkin/wind-fallen-trees-1887.jpg,10,ivan-shishkin
eugene-boudin/beach-scene-at-trouville-2.jpg,6,eugene-boudin
paul-cezanne/self-portrait-in-front-of-olive-wallpaper-1881.jpg,16,paul-cezanne
nicholas-roerich/lotus-1933.jpg,14,nicholas-roerich
pyotr-konchalovsky/margot-is-dancing-1949.jpg,18,pyotr-konchalovsky
camille-pissarro/roses-of-nice-1902.jpg,2,camille-pissarro
john-singer-sargent/beatrice-townsend.jpg,11,john-singer-sargent
ivan-shishkin/at-the-edge-of-the-forest.jpg,10,ivan-shishkin
camille-pissarro/snow-at-the-hermitage-pontoise-1874.jpg,2,camille-pissarro
pierre-auguste-renoir/the-coiffure-1888.jpg,17,pierre-auguste-renoir
camille-pissarro/the-louvre-morning-1903.jpg,2,camille-pissarro
john-singer-sargent/asher-wertheime-1898.jpg,11,john-singer-sargent
ilya-repin/portrait-of-the-author-vladimir-korolemko-1912.jpg,8,ilya-repin
ivan-shishkin/view-of-valaam-island-kukko-1860-1.jpg,10,ivan-shishkin
paul-cezanne/almond-trees-in-provence-1900.jpg,16,paul-cezanne
gustave-dore/the-confusion-of-tongues.jpg,7,gustave-dore
ivan-shishkin/beach-mary-howe-1889.jpg,10,ivan-shishkin
nicholas-roerich/maitreya-tibet-1937.jpg,14,nicholas-roerich
gustave-dore/ancient-mariner.jpg,7,gustave-dore
nicholas-roerich/stupa-at-chung-chu-1928.jpg,14,nicholas-roerich
pyotr-konchalovsky/hare-1926.jpg,18,pyotr-konchalovsky
edgar-degas/portrait-of-a-lady-in-grey-1865.jpg,5,edgar-degas
ilya-repin/the-reply-of-the-zaporozhian-cossacks-to-sultan-mahmoud-iv-1891.jpg,8,ilya-repin
claude-monet/hamerocallis-1917.jpg,4,claude-monet
vincent-van-gogh/man-with-saw-1881.jpg,22,vincent-van-gogh
john-singer-sargent/young-girl-wearing-a-white-muslin-blouse-1885.jpg,11,john-singer-sargent
pyotr-konchalovsky/still-life-with-samovar-pipe-1918.jpg,18,pyotr-konchalovsky
boris-kustodiev/etude-of-peasant-for-unpreserved-picture-from-church-1905.jpg,1,boris-kustodiev
raphael-kirchner/green-lantern.jpg,19,raphael-kirchner
nicholas-roerich/annunciation-virgin-mary-1907.jpg,14,nicholas-roerich
childe-hassam/end-of-timberline-mt-hood.jpg,3,childe-hassam
gustave-dore/the-cross.jpg,7,gustave-dore
pierre-auguste-renoir/cagnes-landscape-1910.jpg,17,pierre-auguste-renoir
gustave-dore/foreign-nations-are-slain-by-lions-in-samaria.jpg,7,gustave-dore
nicholas-roerich/call-of-the-sky-1935.jpg,14,nicholas-roerich
john-singer-sargent/villa-de-marlia-a-fountain-1910.jpg,11,john-singer-sargent
ilya-repin/historian-nikolai-kostomarov-in-a-coffin-1885.jpg,8,ilya-repin
eugene-boudin/high-seas.jpg,6,eugene-boudin
nicholas-roerich/gilgit-road-1925.jpg,14,nicholas-roerich
camille-pissarro/valhermeil-near-oise-rain-effect-1881.jpg,2,camille-pissarro
boris-kustodiev/stenka-razin.jpg,1,boris-kustodiev
gustave-dore/the-avaricious.jpg,7,gustave-dore
john-singer-sargent/mrs-charles-fairchild-1887.jpg,11,john-singer-sargent
ivan-shishkin/fir-in-the-shuvalov-park-1886.jpg,10,ivan-shishkin
nicholas-roerich/clowns-skula-and-yeroshka-1914.jpg,14,nicholas-roerich
paul-cezanne/landscape-in-the-ile-de-france-1865.jpg,16,paul-cezanne
vincent-van-gogh/the-raising-of-lazarus-1890.jpg,22,vincent-van-gogh
edgar-degas/landscape-1.jpg,5,edgar-degas
vincent-van-gogh/wheat-field-behind-saint-paul-hospital-with-a-reaper-1889-1.jpg,22,vincent-van-gogh
pyotr-konchalovsky/house-in-abramtsevo-1920.jpg,18,pyotr-konchalovsky
vincent-van-gogh/two-cut-sunflowers-1887.jpg,22,vincent-van-gogh
pablo-picasso/bust-of-young-man.jpg,15,pablo-picasso
